{
  "banners": [
    "banner1.jpg"
  ],
  "animal": [
    {
      "id": "sheep",
      "name": "الأغنام",
      "price": 95000,
      "badge": "لحوم/صوف",
      "desc": "سلالات بلدية/مهجنة، تحصين دوري، نسبة نفوق < 3%.",
      "img": "sheep.jpg",
      "specs": [
        [
          "العمر",
          "6–10 أشهر"
        ],
        [
          "الوزن",
          "35–45 كغ"
        ],
        [
          "التحصين",
          "مكتمل"
        ],
        [
          "التغذية",
          "علف + مرعى"
        ]
      ],
      "rent": "25,000",
      "deposit": "5%"
    },
    {
      "id": "beef",
      "name": "أبقار لاحم",
      "price": 620000,
      "badge": "لاحم",
      "desc": "نمو سريع وعائد لحوم ممتاز.",
      "img": "beef.jpg",
      "specs": [
        [
          "العمر",
          "10–20 شهر"
        ],
        [
          "الوزن",
          "320–480 كغ"
        ],
        [
          "الإنتاج",
          "لحم"
        ],
        [
          "التحصين",
          "مكتمل"
        ]
      ],
      "rent": "45,000",
      "deposit": "5%"
    },
    {
      "id": "dairy",
      "name": "أبقار حلوب",
      "price": 740000,
      "badge": "حليب",
      "desc": "إنتاج حليب مع متابعة بيطرية.",
      "img": "dairy.jpg",
      "specs": [
        [
          "العمر",
          "16–26 شهر"
        ],
        [
          "الإنتاج",
          "حليب"
        ],
        [
          "الوزن",
          "380–520 كغ"
        ],
        [
          "التحصين",
          "مكتمل"
        ]
      ],
      "rent": "60,000",
      "deposit": "5%"
    },
    {
      "id": "poultry",
      "name": "الدواجن",
      "price": 8500,
      "badge": "بياض/لاحم",
      "desc": "دورات قصيرة وعائد سريع.",
      "img": "poultry.jpg",
      "specs": [
        [
          "العمر",
          "6–18 أسبوع"
        ],
        [
          "الدورة",
          "سريعة"
        ],
        [
          "النفوق",
          "< 3%"
        ],
        [
          "الإنتاج",
          "بيض/لحم"
        ]
      ],
      "rent": "10,000",
      "deposit": "2%"
    },
    {
      "id": "fish",
      "name": "الأسماك",
      "price": 18000,
      "badge": "عذبة",
      "desc": "بلطي/كارب في أحواض مهواة.",
      "img": "fish.jpg",
      "specs": [
        [
          "النوع",
          "بلطي/كارب"
        ],
        [
          "الكثافة",
          "3–5 كغ/م²"
        ],
        [
          "التغذية",
          "علف حبيبي"
        ],
        [
          "الجودة",
          "مياه عذبة"
        ]
      ],
      "rent": "18,000",
      "deposit": "3%"
    }
  ],
  "agri": [
    {
      "id": "fruits",
      "name": "الفواكه",
      "price": 120000,
      "badge": "بساتين",
      "desc": "ري بالتنقيط ومكافحة متكاملة.",
      "img": "fruits.jpg",
      "specs": [
        [
          "الري",
          "تنقيط"
        ],
        [
          "المكافحة",
          "IPM"
        ],
        [
          "الدورة",
          "موسمية"
        ],
        [
          "العائد",
          "مرتفع"
        ]
      ],
      "rent": "30,000",
      "deposit": "4%"
    },
    {
      "id": "veg",
      "name": "الخضروات",
      "price": 65000,
      "badge": "بيوت/حقول",
      "desc": "إنتاج متواصل لأسواق محلية.",
      "img": "veg.jpg",
      "specs": [
        [
          "الزراعة",
          "بيوت/حقول"
        ],
        [
          "الدورة",
          "قصيرة"
        ],
        [
          "الطلب",
          "عالي"
        ],
        [
          "الإدارة",
          "سهلة"
        ]
      ],
      "rent": "22,000",
      "deposit": "3%"
    }
  ],
  "wallet": {
    "balance": 1245000,
    "assets": [
      {
        "name": "دجاج بياض",
        "qty": 200,
        "note": "مزرعة 3",
        "est": 220000
      },
      {
        "name": "أغنام",
        "qty": 60,
        "note": "حظيرة شمالية",
        "est": 150000
      },
      {
        "name": "خضروات (بيوت)",
        "qty": 12,
        "note": "بيت بلاستيكي",
        "est": 135000
      }
    ]
  }
}